<?xml version="1.0" encoding="ISO-8859-1"?>
<breakfast_menu xmlns:xsi="http://www.w3.org/2001/XMLSchema-instance"
xsi:noNamespaceSchemaLocation="simple.xsd">
	<food>
		<name>Belgian Waffles</name>
		<name>Belgian Waffles1</name>
		<price currency="USD">5.95</price>
		<description>two of our famous Belgian Waffles with plenty of real maple syrup</description>
		<calories>650</calories>
		<day>Monday</day>
	</food>
	<food>
		<name>Strawberry Belgian Waffles</name>
		<name>Strawberry Belgian Waffles1</name>
		<price currency="USD">7.95</price>
		<description>light Belgian waffles covered with strawberries and whipped cream</description>
		<calories>900</calories>
		<day>Tuesday</day>
	</food>
	<food>
		<name>Berry-Berry Belgian Waffles</name>
		<name>Berry-Berry Belgian Waffles1</name>
		<price currency="USD">8.95</price>
		<description>light Belgian waffles covered with an assortment of fresh berries and whipped cream</description>
		<calories>900</calories>
		<day>Wednesday</day>
	</food>
	<food>
		<name>French Toast</name>
		<name>French Toast1</name>
		<price currency="USD">4.50</price>
		<description>thick slices made from our homemade sourdough bread</description>
		<calories>600</calories>
		<day>Thursday</day>
	</food>
	<food>
		<name>Homestyle Breakfast</name>
		<name>Homestyle Breakfast1</name>
		<price currency="USD">6.95</price>
		<description>two eggs, bacon or sausage, toast, and our ever-popular hash browns</description>
		<calories>950</calories>
		<day>Friday</day>
	</food>
</breakfast_menu>
